Search Keyword,Job ID,Title,Link,Budget,Posted Time,Skills,Proposals,Client Location,Short Description
AI Automations,021996305630846623121,"Automation Engineer Needed: Expertise in n8n, Make.com, and VAPI",https://www.upwork.com/jobs/span-class-highlight-Automation-span-Engineer-Needed-Expertise-n8n-Make-com-and-VAPI_~021996305630846623121/?referrer_url_path=/nx/search/jobs/,Hourly,Posted 12 minutes ago,,,,"Summary
Automation Agency – Long-Term Partnership
Project Type: Ongoing Contract (Long-Term Engagement)
Experience Level: Expert / Agency Preferred
Compensation: Per-Project Basis (Negotiated Each Tim"
AI Automations,021996303621322582035,AI/Enrichment Specialist for Data Optimization,https://www.upwork.com/jobs/span-class-highlight-span-Enrichment-Specialist-for-Data-Optimization_~021996303621322582035/?referrer_url_path=/nx/search/jobs/,Hourly,Posted 20 minutes ago,,,,"We are seeking an experienced AI/Enrichment Specialist to enhance our data processes. The ideal candidate will perform bulk enrichment using AI, title classification, tagging, research automation, dat"
AI Automations,021996303592482615471,Automation & CRM Tech VA Needed (Airtable + Zapier + MailerLite Integration),https://www.upwork.com/jobs/span-class-highlight-Automation-span-amp-CRM-Tech-Needed-Airtable-Zapier-MailerLite-Integration_~021996303592482615471/?referrer_url_path=/nx/search/jobs/,$440,Posted 20 minutes ago,,,,"our Responsibilities Will Include:
1. Building Automations

You’ll create flows that connect:

MailerLite forms

Airtable databases

Zapier automation

SMS notifications (TextMagic/Twilio)

Examples:
"
AI Automations,021996302046613088275,SaaS  Landing Page Ilustration,https://www.upwork.com/jobs/SaaS-Landing-Page-Ilustration_~021996302046613088275/?referrer_url_path=/nx/search/jobs/,$100,Posted 21 minutes ago,,,,"Project Brief: Vector Illustration Set (8 pieces)

We need eight custom vector illustrations to visually represent the core features of our Energy Consultancy & Software company.
All illustrations mus"
AI Automations,021996303251436997650,Amazon PPC Automation Software SaaS (Seller Central API + AI + Auto-Bidding Engine),https://www.upwork.com/jobs/Amazon-PPC-span-class-highlight-Automation-span-Software-SaaS-Seller-Central-API-span-class-highlight-span-Auto-Bidding-Engine_~021996303251436997650/?referrer_url_path=/nx/search/jobs/,$5,Posted 21 minutes ago,,,,"We are looking for a highly experienced developer or team to build a full Amazon PPC Automation SaaS platform.

The software must connect directly to Amazon Seller Central via the Advertising API, pul"
AI Automations,021996301274701208977,Develop AI-Powered Speech-to-Text Meditation Avatar Web App,https://www.upwork.com/jobs/Develop-span-class-highlight-span-Powered-Speech-Text-Meditation-Avatar-Web-App_~021996301274701208977/?referrer_url_path=/nx/search/jobs/,"$1,500",Posted 29 minutes ago,,,,We are seeking a talented developer to create a web application featuring an AI-driven speech-to-text meditation avatar. This innovative app will utilize advanced AI technology to enable users to medi
AI Automations,021996301019138071953,Sales Rep / SDR for SaaS (Email Marketing Platform) — Warm Leads + Product Demos + Light Onboarding,https://www.upwork.com/jobs/Sales-Rep-SDR-for-SaaS-Email-Marketing-Platform-Warm-Leads-Product-Demos-Light-Onboarding_~021996301019138071953/?referrer_url_path=/nx/search/jobs/,$30,Posted 30 minutes ago,,,,"We’re looking for a sharp, reliable sales rep to handle inbound sales calls and demos for our SaaS platform, Hoppy Copy — an AI-powered email marketing platform used by consultants, coaches, service-b"
AI Automations,021996300558000140463,Social Media Automation Using AI and n8n,https://www.upwork.com/jobs/Social-Media-span-class-highlight-Automation-span-Using-span-class-highlight-span-and-n8n_~021996300558000140463/?referrer_url_path=/nx/search/jobs/,$10,Posted 32 minutes ago,,,,"We are seeking a skilled freelancer to implement AI automation strategies using n8n for our social media management. The ideal candidate will design workflows to automate posts, engagement responses, "
AI Automations,021996298089014074769,Customer Support & Success,https://www.upwork.com/jobs/Customer-Support-Success_~021996298089014074769/?referrer_url_path=/nx/search/jobs/,$10,Posted 42 minutes ago,,,,"Hey! 

We're Hoppy Copy, an AI email marketing company (hoppycopy.co) that automates newsletter content and publishing for clients. We're looking for an experienced Customer Support / Success speciali"
AI Automations,021996297897204986031,Botpress Chatbot Developer + Automation Expert (Website Chatbot),https://www.upwork.com/jobs/Botpress-Chatbot-Developer-span-class-highlight-Automation-span-Expert-Website-Chatbot_~021996297897204986031/?referrer_url_path=/nx/search/jobs/,$2,Posted 42 minutes ago,,,,"We are creating a professional website chatbot for an IT solutions company.
The chatbot must be built in Botpress v12 and include:

Multiple service flows (Cloud, Cybersecurity, Microsoft 365, Google "
AI Automations,021996297559521503251,AI Automation Setup Specialist (Freelancer),https://www.upwork.com/jobs/span-class-highlight-span-span-class-highlight-Automation-span-Setup-Specialist-Freelancer_~021996297559521503251/?referrer_url_path=/nx/search/jobs/,$2,Posted 45 minutes ago,,,,"Description:
I run a business helping small businesses automate repetitive admin tasks using AI and workflow automation tools. I’m looking for a freelance automation specialist to implement workflow a"
AI Automations,021996250905309294767,Senior Automation Engineer (n8n + Airtable + Go High Level +  OpenAI + WhatsApp API),https://www.upwork.com/jobs/Senior-span-class-highlight-Automation-span-Engineer-n8n-Airtable-High-Level-Open-span-class-highlight-span-WhatsApp-API_~021996250905309294767/?referrer_url_path=/nx/search/jobs/,$2,Posted 50 minutes ago,,,,"I’m building a scalable, productized **AI Marketing Ecosystem for SMBs** — a plug-and-play system designed to manage:

- AI appointment booking
- WhatsApp/IG automation
- Missed-call recovery
- Reacti"
AI Automations,021994373597551681749,GoHighLevel Automation & Tech Setup Expert for Info-Business Funnels (Long-Term | Fixed or Hourly),https://www.upwork.com/jobs/GoHighLevel-span-class-highlight-Automation-span-amp-Tech-Setup-Expert-for-Info-Business-Funnels-Long-Term-Fixed-Hourly_~021994373597551681749/?referrer_url_path=/nx/search/jobs/,$25,Posted 6 days ago,,,,"JOB DESCRIPTION:
I’m looking for a high-level GoHighLevel automation & tech specialist for long-term collaboration across two brands (construction + online education).
This is not a basic funnel build"
AI Automations,021996294979361843219,Integration of Marbalism with Microsoft 365 Email/Outlook,https://www.upwork.com/jobs/Integration-Marbalism-with-Microsoft-365-Email-Outlook_~021996294979361843219/?referrer_url_path=/nx/search/jobs/,$2,Posted 55 minutes ago,,,,We are seeking a skilled freelancer to integrate Marbalism with Microsoft 365 Email and Outlook. The ideal candidate will troubleshoot and resolve any issues related to Microsoft 365 and GoDaddy email
AI Automations,021996294768406826002,Automate Daily Construction Site Reports Using OpenAI Vision and cPanel Images,https://www.upwork.com/jobs/span-class-highlight-Automate-span-Daily-Construction-Site-Reports-Using-Open-span-class-highlight-span-Vision-and-cPanel-Images_~021996294768406826002/?referrer_url_path=/nx/search/jobs/,$30,Posted 56 minutes ago,,,,"We already have thousands of construction-site images automatically uploaded into cPanel each day. We need a developer to build a lightweight script that samples these images, sends them to the OpenAI"
AI Automations,021996292593138479279,N8N expert to build workflows,https://www.upwork.com/jobs/N8N-expert-build-workflows_~021996292593138479279/?referrer_url_path=/nx/search/jobs/,$34,,,,,"Hello.

Looking for a skilled N8N automation specialist. Quote me a fixed price that include revisions to make sure workflow is functioning correctly. The flow is in article writing and wordpress uplo"
AI Automations,021996290694449990674,GoHighLevel Expert Needed,https://www.upwork.com/jobs/GoHighLevel-Expert-Needed_~021996290694449990674/?referrer_url_path=/nx/search/jobs/,"$1,000",,,,,"Technical Setup Needed

Connect and configure my domain

Install and configure the chat widget properly

Build the full backend structure

Set up calendars, workflows, tags, pipelines

Create 3-tier o"
AI Automations,021996289838952884243,Experienced Video Editor for Dark Psychology Explainer Content,https://www.upwork.com/jobs/Experienced-Video-Editor-for-Dark-Psychology-Explainer-Content_~021996289838952884243/?referrer_url_path=/nx/search/jobs/,$15,,,,,"Hi there!

We are a YouTube Automation team building a new channel focused on evidence-based dark psychology explainer content. We are looking for a talented, hard-working, and experienced Video Edito"
AI Automations,021996288162867062803,Full Stack Developer Needed,https://www.upwork.com/jobs/Full-Stack-Developer-Needed_~021996288162867062803/?referrer_url_path=/nx/search/jobs/,$15,,,,,We’re looking for a full-stack developer to join our team and help build key features for a production application used by a talent agency. You’ll be working closely with two other developers and will
AI Automations,021996288028994964498,Part-time ecommerce bookkeeper/executive assistant,https://www.upwork.com/jobs/Part-time-ecommerce-bookkeeper-executive-assistant_~021996288028994964498/?referrer_url_path=/nx/search/jobs/,$2,,,,,"COMPANY BACKGROUND

We are a small but tight-knit team running ecommerce operations for large brands in the US. Mutual trust and hard work are the foundation of everything we do. We take very good car"
AI Automations,021996285044407929874,Urgent Meeting Request – Conversational AI in GoHighLevel,https://www.upwork.com/jobs/Urgent-Meeting-Request-Conversational-span-class-highlight-span-GoHighLevel_~021996285044407929874/?referrer_url_path=/nx/search/jobs/,Hourly,,,,,We are looking for an experienced developer or AI specialist who can create and implement conversational AI solutions within Go High Level. The ideal candidate should have hands-on experience building
AI Automations,021996281590109178898,N8N Specialist Needed for Multi-Tenant RAG and Document Management,https://www.upwork.com/jobs/N8N-Specialist-Needed-for-Multi-Tenant-RAG-and-Document-Management_~021996281590109178898/?referrer_url_path=/nx/search/jobs/,$15,,,,,"Project Goal:
Develop robust N8N workflows for a multi-tenant RAG chatbot backend, handling the complete lifecycle of documents: secure upload, indexing, and crucial deletion/de-indexing. The RAG proc"
AI Automations,021996278306831476755,Cold Email Outreach VA for AI Agency – Lead Generation + Appointment Setting,https://www.upwork.com/jobs/Cold-Email-Outreach-for-span-class-highlight-span-Agency-Lead-Generation-Appointment-Setting_~021996278306831476755/?referrer_url_path=/nx/search/jobs/,$10,,,,,"I’m looking for a VA experienced in cold email outreach to help scale my AI agency. You’ll be contacting local businesses and promoting our services, including smart website builds, AI receptionists f"
AI Automations,021996277884607110545,N8N/Zapier/Make expert needed,https://www.upwork.com/jobs/N8N-Zapier-Make-expert-needed_~021996277884607110545/?referrer_url_path=/nx/search/jobs/,$20,,,,,"We are seeking an experienced AI Automation Engineer to build and maintain an intelligent automation system for our business. This system will use AI agents, workflow automation tools, and API integra"
AI Automations,021996278860165031955,Marketing & Automation Manager (MUST Have Real Estate + GHL Experience) – Long-Term Role,https://www.upwork.com/jobs/Marketing-amp-span-class-highlight-Automation-span-Manager-MUST-Have-Real-Estate-GHL-Experience-Long-Term-Role_~021996278860165031955/?referrer_url_path=/nx/search/jobs/,$10,,,,,"I am hiring a long-term marketing and automation specialist who MUST have experience in the Real Estate industry and MUST be an expert in Go High Level (GHL).

You will manage daily and weekly marketi"
AI Automations,021996278547471347887,Looking for Tech & Automations Assistant,https://www.upwork.com/jobs/Looking-for-Tech-amp-span-class-highlight-Automations-span-Assistant_~021996278547471347887/?referrer_url_path=/nx/search/jobs/,$5,,,,,"We’re looking for a highly skilled Automation & Systems Specialist who can help us build, optimize, and maintain a multi-platform workflow integrating:

Go High Level (GHL)
Zapier / Make
Vapi (AI dial"
AI Automations,021996275536866418065,n8n AI Agent Builder and Automations,https://www.upwork.com/jobs/n8n-span-class-highlight-span-Agent-Builder-and-span-class-highlight-Automations-span_~021996275536866418065/?referrer_url_path=/nx/search/jobs/,Hourly,,,,,"I need someone to set up a group of AI agents on n8n to automate various business development research, social media content posts and scheduling, copywriting, Divi website edits, and other automation"
AI Automations,021996272267709067439,n8n Automation Expert for YouTube Split Testing & Multi-Platform Posting,https://www.upwork.com/jobs/n8n-span-class-highlight-Automation-span-Expert-for-YouTube-Split-Testing-amp-Multi-Platform-Posting_~021996272267709067439/?referrer_url_path=/nx/search/jobs/,$30,,,,,"n8n Automation Expert Needed for YouTube Split Testing and Multi-Platform Video Distribution System

I need an experienced n8n automation developer to build a complete content publishing system for my"
AI Automations,021996272160766898351,3 youtube thumbnail variants,https://www.upwork.com/jobs/youtube-thumbnail-variants_~021996272160766898351/?referrer_url_path=/nx/search/jobs/,$60,,,,,"YouTube thumbnail for photo attached , ONLY focusing on the man, remove his wife please, can use AI if stays resembling the man :)

(it's for a podcast interview on YouTube)

 3 caption variants

""$1,"
AI Automations,021996271031907657747,AI video ADS,https://www.upwork.com/jobs/span-class-highlight-span-video-ADS_~021996271031907657747/?referrer_url_path=/nx/search/jobs/,$300,,,,,"JOB OFFER — Video Creator (AI + UGC)
We’re looking for a creator to produce:
2 video ads 
1 UGC videos
Using AI   We need to have all four videos within 24 hours."
automation workflows,021996308100679310738,Zoho Setup Specialist Needed for Business Configuration,https://www.upwork.com/jobs/Zoho-Setup-Specialist-Needed-for-Business-Configuration_~021996308100679310738/?referrer_url_path=/nx/search/jobs/,"$1,100",Posted 5 minutes ago,,,,We are seeking an experienced Zoho freelancer to assist with setting up our business management system. The ideal candidate will have a strong background in Zoho applications and will help tailor the 
automation workflows,021996306120399653906,Lead Generation & Sales Operations Specialist (HubSpot API + Orum),https://www.upwork.com/jobs/Lead-Generation-Sales-Operations-Specialist-HubSpot-API-Orum_~021996306120399653906/?referrer_url_path=/nx/search/jobs/,$4,Posted 13 minutes ago,,,,"We're looking for a scrappy, technical lead generation specialist to fuel a high-velocity B2B sales operation.

The Challenge:
Our SDR is a machine-hitting 700+ dials per day using Orum. But he's runn"
automation workflows,021996305630846623121,"Automation Engineer Needed: Expertise in n8n, Make.com, and VAPI",https://www.upwork.com/jobs/span-class-highlight-Automation-span-Engineer-Needed-Expertise-n8n-Make-com-and-VAPI_~021996305630846623121/?referrer_url_path=/nx/search/jobs/,$100,Posted 15 minutes ago,,,,"Summary
Automation Agency – Long-Term Partnership
Project Type: Ongoing Contract (Long-Term Engagement)
Experience Level: Expert / Agency Preferred
Compensation: Per-Project Basis (Negotiated Each Tim"
automation workflows,021996303621322582035,AI/Enrichment Specialist for Data Optimization,https://www.upwork.com/jobs/Enrichment-Specialist-for-Data-Optimization_~021996303621322582035/?referrer_url_path=/nx/search/jobs/,Hourly,Posted 23 minutes ago,,,,"We are seeking an experienced AI/Enrichment Specialist to enhance our data processes. The ideal candidate will perform bulk enrichment using AI, title classification, tagging, research automation, dat"
automation workflows,021996303592482615471,Automation & CRM Tech VA Needed (Airtable + Zapier + MailerLite Integration),https://www.upwork.com/jobs/span-class-highlight-Automation-span-amp-CRM-Tech-Needed-Airtable-Zapier-MailerLite-Integration_~021996303592482615471/?referrer_url_path=/nx/search/jobs/,$440,Posted 23 minutes ago,,,,"our Responsibilities Will Include:
1. Building Automations

You’ll create flows that connect:

MailerLite forms

Airtable databases

Zapier automation

SMS notifications (TextMagic/Twilio)

Examples:
"
automation workflows,021996303251436997650,Amazon PPC Automation Software SaaS (Seller Central API + AI + Auto-Bidding Engine),https://www.upwork.com/jobs/Amazon-PPC-span-class-highlight-Automation-span-Software-SaaS-Seller-Central-API-Auto-Bidding-Engine_~021996303251436997650/?referrer_url_path=/nx/search/jobs/,$5,Posted 24 minutes ago,,,,"We are looking for a highly experienced developer or team to build a full Amazon PPC Automation SaaS platform.

The software must connect directly to Amazon Seller Central via the Advertising API, pul"
automation workflows,021996301777065581969,TaxDome Automation & Workflow Specialist Needed,https://www.upwork.com/jobs/TaxDome-span-class-highlight-Automation-span-amp-span-class-highlight-Workflow-span-Specialist-Needed_~021996301777065581969/?referrer_url_path=/nx/search/jobs/,$12,Posted 30 minutes ago,,,,We are looking for a detail-oriented and experienced TaxDome Automation & Workflow Specialist to enhance our operational efficiency. The ideal candidate will have a deep understanding of TaxDome's fea
automation workflows,021996301161000078354,HubSpot Enterprise Email Marketing,https://www.upwork.com/jobs/HubSpot-Enterprise-Email-Marketing_~021996301161000078354/?referrer_url_path=/nx/search/jobs/,"$1,000",Posted 33 minutes ago,,,,I'm looking for a HubSpot email marketing expert that can help us build out automated workflows with dynamic content for lead nurture.
automation workflows,021996300558000140463,Social Media Automation Using AI and n8n,https://www.upwork.com/jobs/Social-Media-span-class-highlight-Automation-span-Using-and-n8n_~021996300558000140463/?referrer_url_path=/nx/search/jobs/,$10,Posted 35 minutes ago,,,,"We are seeking a skilled freelancer to implement AI automation strategies using n8n for our social media management. The ideal candidate will design workflows to automate posts, engagement responses, "
automation workflows,021996298555412290961,Transition from Salesforce to New System,https://www.upwork.com/jobs/Transition-from-Salesforce-New-System_~021996298555412290961/?referrer_url_path=/nx/search/jobs/,"$1,050",Posted 43 minutes ago,,,,Evaluate best software for Work Management based on discussion with client. Transition from existing Salesforce solution to new solution. Train and assist employees of client firm as needed. Develop a
automation workflows,021996297559521503251,AI Automation Setup Specialist (Freelancer),https://www.upwork.com/jobs/span-class-highlight-Automation-span-Setup-Specialist-Freelancer_~021996297559521503251/?referrer_url_path=/nx/search/jobs/,$2,Posted 48 minutes ago,,,,"Description:
I run a business helping small businesses automate repetitive admin tasks using AI and workflow automation tools. I’m looking for a freelance automation specialist to implement workflow a"
automation workflows,021996296933078731794,Core Automation Engineer Needed for Airtable and Integrations,https://www.upwork.com/jobs/Core-span-class-highlight-Automation-span-Engineer-Needed-for-Airtable-and-Integrations_~021996296933078731794/?referrer_url_path=/nx/search/jobs/,$12,Posted 50 minutes ago,,,,"We are seeking a skilled Core Automation Engineer to streamline our processes, build automations to connect platforms, and ensure only clean data exists in our systems. Must be well versed in Airtable"
automation workflows,021996296502481465519,Dynamics 365 Specialist for SAGE Migration and System Build-Out,https://www.upwork.com/jobs/Dynamics-365-Specialist-for-SAGE-Migration-and-System-Build-Out_~021996296502481465519/?referrer_url_path=/nx/search/jobs/,$25,Posted 52 minutes ago,,,,We’re looking for a Dynamics 365 power user + integration specialist to lead our transition from SAGE and spreadsheet-driven workflows into a fully operational D365 environment. Our business already w
automation workflows,021996250905309294767,Senior Automation Engineer (n8n + Airtable + Go High Level +  OpenAI + WhatsApp API),https://www.upwork.com/jobs/Senior-span-class-highlight-Automation-span-Engineer-n8n-Airtable-High-Level-OpenAI-WhatsApp-API_~021996250905309294767/?referrer_url_path=/nx/search/jobs/,$2,Posted 53 minutes ago,,,,"I’m building a scalable, productized **AI Marketing Ecosystem for SMBs** — a plug-and-play system designed to manage:

- AI appointment booking
- WhatsApp/IG automation
- Missed-call recovery
- Reacti"
automation workflows,021994373597551681749,GoHighLevel Automation & Tech Setup Expert for Info-Business Funnels (Long-Term | Fixed or Hourly),https://www.upwork.com/jobs/GoHighLevel-span-class-highlight-Automation-span-amp-Tech-Setup-Expert-for-Info-Business-Funnels-Long-Term-Fixed-Hourly_~021994373597551681749/?referrer_url_path=/nx/search/jobs/,$25,Posted 6 days ago,,,,"JOB DESCRIPTION:
I’m looking for a high-level GoHighLevel automation & tech specialist for long-term collaboration across two brands (construction + online education).
This is not a basic funnel build"
automation workflows,021996295987051767827,Experienced DevOps Engineer for SwyftBooking – Production & Security,https://www.upwork.com/jobs/Experienced-DevOps-Engineer-for-SwyftBooking-Production-Security_~021996295987051767827/?referrer_url_path=/nx/search/jobs/,$5,Posted 54 minutes ago,,,,"Role Overview
SwyftBooking is seeking an experienced DevOps Engineer to design, build, and manage our production infrastructure across all modules including flights, vacation rentals, car rentals, tru"
automation workflows,021996295726145087508,Manual LinkedIn Outreach Specialist,https://www.upwork.com/jobs/Manual-LinkedIn-Outreach-Specialist_~021996295726145087508/?referrer_url_path=/nx/search/jobs/,$10,Posted 55 minutes ago,,,,"We need a manual LinkedIn outreach operator who can safely run 3 LinkedIn accounts and follow our exact templates and daily process.

This is a slow, careful, human-style outreach job - NOT automation"
automation workflows,021996295020403107859,Expert n8n Workflow Developer for Content Idea Generation,https://www.upwork.com/jobs/Expert-n8n-span-class-highlight-Workflow-span-Developer-for-Content-Idea-Generation_~021996295020403107859/?referrer_url_path=/nx/search/jobs/,$432,Posted 58 minutes ago,,,,We are seeking an experienced freelancer to assist in building n8n workflows that will help identify both long-form and short-form content ideas tailored to our niche and audience. The ideal candidate
automation workflows,021996293245310740499,"Web Designer / WordPress Developer – Modern, Mobile-First Website for Insurance & Financial Advisory",https://www.upwork.com/jobs/Web-Designer-WordPress-Developer-Modern-Mobile-First-Website-for-Insurance-Financial-Advisory_~021996293245310740499/?referrer_url_path=/nx/search/jobs/,$15,Posted 1 hour ago,,,,"We are BALDREICH GmbH, a modern insurance and financial advisory company based in Austria.
We are looking for a professional Web Designer / WordPress Developer to build a clean, high-converting, mobil"
automation workflows,021996293763304786962,Appointment Sequence Automation in Oncehub/ScheduleOnce,https://www.upwork.com/jobs/Appointment-Sequence-span-class-highlight-Automation-span-Oncehub-ScheduleOnce_~021996293763304786962/?referrer_url_path=/nx/search/jobs/,"$1,000",Posted 1 hour ago,,,,"Looking for an automation expert to build a pre-appointment reminder sequence in Oncehub/ScheduleOnce. The emails are already written, include a video link, and need to be automated inside the calenda"
automation workflows,021996292593138479279,N8N expert to build workflows,https://www.upwork.com/jobs/N8N-expert-build-span-class-highlight-workflows-span_~021996292593138479279/?referrer_url_path=/nx/search/jobs/,$34,,,,,"Hello.

Looking for a skilled N8N automation specialist. Quote me a fixed price that include revisions to make sure workflow is functioning correctly. The flow is in article writing and wordpress uplo"
automation workflows,021996291310692214803,GHL Expert,https://www.upwork.com/jobs/GHL-Expert_~021996291310692214803/?referrer_url_path=/nx/search/jobs/,$5,,,,,I am hiring a part time GHL Expert to help me build and manage Go High Level systems. You will take my instructions and turn them into working assets. You will deliver fast results with a clear 24 hou
automation workflows,021996290694449990674,GoHighLevel Expert Needed,https://www.upwork.com/jobs/GoHighLevel-Expert-Needed_~021996290694449990674/?referrer_url_path=/nx/search/jobs/,"$1,000",,,,,"Technical Setup Needed

Connect and configure my domain

Install and configure the chat widget properly

Build the full backend structure

Set up calendars, workflows, tags, pipelines

Create 3-tier o"
automation workflows,021996290329208301587,Zapier expert needed to integrate square calendar with Go High Level,https://www.upwork.com/jobs/Zapier-expert-needed-integrate-square-calendar-with-High-Level_~021996290329208301587/?referrer_url_path=/nx/search/jobs/,$50,,,,,I am looking for a Zapier expert that can integrate our calendar inside Go High Level with our Calendar inside our Square account so that we do not have double bookings. This can be long term as the r
automation workflows,021995954932487953572,Senior Full Stack Developer (TypeScript) to Join Bee Techy as Team Lead,https://www.upwork.com/jobs/Senior-Full-Stack-Developer-TypeScript-Join-Bee-Techy-Team-Lead_~021995954932487953572/?referrer_url_path=/nx/search/jobs/,$25-$30,,,,,"At Bee Techy, we’re a high-flying software development agency, ranked in the top 1%, building next-gen solutions for startups and enterprises alike. We’re looking for a Team Lead to guide our buzzing "
automation workflows,021996288876798020626,ActiveCampaign + WPForms Funnel Automation Specialist (Segmentation + Nurture Build),https://www.upwork.com/jobs/ActiveCampaign-WPForms-Funnel-span-class-highlight-Automation-span-Specialist-Segmentation-Nurture-Build_~021996288876798020626/?referrer_url_path=/nx/search/jobs/,$150,,,,,"I need an ActiveCampaign specialist to build a single, clean automation that handles:

Generic “needs info” email sequence after a simple landing-page form

Processing a longer follow-up form (WPForms"
automation workflows,021996288777707588626,"CRM System Setup Specialist Needed (HubSpot, Bitrix24, or Pipedrive)",https://www.upwork.com/jobs/CRM-System-Setup-Specialist-Needed-HubSpot-Bitrix24-Pipedrive_~021996288777707588626/?referrer_url_path=/nx/search/jobs/,$182,,,,,"We are seeking an experienced CRM Setup Specialist to implement a new CRM system, either HubSpot, Bitrix24, or Pipedrive. You will be responsible for configuring the system based on our existing workf"
automation workflows,021996288612982990867,SmartSheet Expert,https://www.upwork.com/jobs/SmartSheet-Expert_~021996288612982990867/?referrer_url_path=/nx/search/jobs/,$198,,,,,"About Us: 
Smart Build specializes in apartment renovations and multifamily construction projects across the U.S. We pride ourselves on efficiency, innovation, and delivering exceptional results to ou"
automation workflows,021996288162867062803,Full Stack Developer Needed,https://www.upwork.com/jobs/Full-Stack-Developer-Needed_~021996288162867062803/?referrer_url_path=/nx/search/jobs/,$15,,,,,We’re looking for a full-stack developer to join our team and help build key features for a production application used by a talent agency. You’ll be working closely with two other developers and will
automation workflows,021996288028994964498,Part-time ecommerce bookkeeper/executive assistant,https://www.upwork.com/jobs/Part-time-ecommerce-bookkeeper-executive-assistant_~021996288028994964498/?referrer_url_path=/nx/search/jobs/,$2,,,,,"COMPANY BACKGROUND

We are a small but tight-knit team running ecommerce operations for large brands in the US. Mutual trust and hard work are the foundation of everything we do. We take very good car"
n8n,021996305630846623121,"Automation Engineer Needed: Expertise in n8n, Make.com, and VAPI",https://www.upwork.com/jobs/Automation-Engineer-Needed-Expertise-span-class-highlight-n8n-span-Make-com-and-VAPI_~021996305630846623121/?referrer_url_path=/nx/search/jobs/,Hourly,Posted 18 minutes ago,,,,"Summary
Automation Agency – Long-Term Partnership
Project Type: Ongoing Contract (Long-Term Engagement)
Experience Level: Expert / Agency Preferred
Compensation: Per-Project Basis (Negotiated Each Tim"
n8n,021996300558000140463,Social Media Automation Using AI and n8n,https://www.upwork.com/jobs/Social-Media-Automation-Using-and-span-class-highlight-n8n-span_~021996300558000140463/?referrer_url_path=/nx/search/jobs/,$10,Posted 38 minutes ago,,,,"We are seeking a skilled freelancer to implement AI automation strategies using n8n for our social media management. The ideal candidate will design workflows to automate posts, engagement responses, "
n8n,021996250905309294767,Senior Automation Engineer (n8n + Airtable + Go High Level +  OpenAI + WhatsApp API),https://www.upwork.com/jobs/Senior-Automation-Engineer-span-class-highlight-n8n-span-Airtable-High-Level-OpenAI-WhatsApp-API_~021996250905309294767/?referrer_url_path=/nx/search/jobs/,$2,Posted 55 minutes ago,,,,"I’m building a scalable, productized **AI Marketing Ecosystem for SMBs** — a plug-and-play system designed to manage:

- AI appointment booking
- WhatsApp/IG automation
- Missed-call recovery
- Reacti"
n8n,021996295020403107859,Expert n8n Workflow Developer for Content Idea Generation,https://www.upwork.com/jobs/Expert-span-class-highlight-n8n-span-Workflow-Developer-for-Content-Idea-Generation_~021996295020403107859/?referrer_url_path=/nx/search/jobs/,$432,Posted 1 hour ago,,,,We are seeking an experienced freelancer to assist in building n8n workflows that will help identify both long-form and short-form content ideas tailored to our niche and audience. The ideal candidate
n8n,021996292593138479279,N8N expert to build workflows,https://www.upwork.com/jobs/span-class-highlight-N8N-span-expert-build-workflows_~021996292593138479279/?referrer_url_path=/nx/search/jobs/,$34,,,,,"Hello.

Looking for a skilled N8N automation specialist. Quote me a fixed price that include revisions to make sure workflow is functioning correctly. The flow is in article writing and wordpress uplo"
n8n,021996292196646727855,Vapi.AI Expert Needed for Warm Transfer Setup & Feature Guidance,https://www.upwork.com/jobs/Vapi-Expert-Needed-for-Warm-Transfer-Setup-Feature-Guidance_~021996292196646727855/?referrer_url_path=/nx/search/jobs/,$5,,,,,"I’m looking for an experienced Vapi.AI developer to help me configure and optimize several features, including warm transfer, within my existing Vapi setup. The work will be done live over screen-shar"
n8n,021996285044407929874,Urgent Meeting Request – Conversational AI in GoHighLevel,https://www.upwork.com/jobs/Urgent-Meeting-Request-Conversational-GoHighLevel_~021996285044407929874/?referrer_url_path=/nx/search/jobs/,Hourly,,,,,We are looking for an experienced developer or AI specialist who can create and implement conversational AI solutions within Go High Level. The ideal candidate should have hands-on experience building
n8n,021996281590109178898,N8N Specialist Needed for Multi-Tenant RAG and Document Management,https://www.upwork.com/jobs/span-class-highlight-N8N-span-Specialist-Needed-for-Multi-Tenant-RAG-and-Document-Management_~021996281590109178898/?referrer_url_path=/nx/search/jobs/,$15,,,,,"Project Goal:
Develop robust N8N workflows for a multi-tenant RAG chatbot backend, handling the complete lifecycle of documents: secure upload, indexing, and crucial deletion/de-indexing. The RAG proc"
n8n,021996277884607110545,N8N/Zapier/Make expert needed,https://www.upwork.com/jobs/span-class-highlight-N8N-span-Zapier-Make-expert-needed_~021996277884607110545/?referrer_url_path=/nx/search/jobs/,$20,,,,,"We are seeking an experienced AI Automation Engineer to build and maintain an intelligent automation system for our business. This system will use AI agents, workflow automation tools, and API integra"
n8n,021996275536866418065,n8n AI Agent Builder and Automations,https://www.upwork.com/jobs/span-class-highlight-n8n-span-Agent-Builder-and-Automations_~021996275536866418065/?referrer_url_path=/nx/search/jobs/,Hourly,,,,,"I need someone to set up a group of AI agents on n8n to automate various business development research, social media content posts and scheduling, copywriting, Divi website edits, and other automation"
n8n,021996274823501450258,n8n Automation Specialist for Salesforce and Customer Service Integration,https://www.upwork.com/jobs/span-class-highlight-n8n-span-Automation-Specialist-for-Salesforce-and-Customer-Service-Integration_~021996274823501450258/?referrer_url_path=/nx/search/jobs/,"$2,000",,,,,We are seeking a skilled n8n automation expert to assist in completing a partially developed project. The goal is to create workflows that efficiently search Salesforce for customer information and au
n8n,021996272267709067439,n8n Automation Expert for YouTube Split Testing & Multi-Platform Posting,https://www.upwork.com/jobs/span-class-highlight-n8n-span-Automation-Expert-for-YouTube-Split-Testing-amp-Multi-Platform-Posting_~021996272267709067439/?referrer_url_path=/nx/search/jobs/,$30,,,,,"n8n Automation Expert Needed for YouTube Split Testing and Multi-Platform Video Distribution System

I need an experienced n8n automation developer to build a complete content publishing system for my"
n8n,021996223234755997871,"We have removed your job post ""MVP Startup development""",https://www.upwork.com/jobs/have-removed-your-job-post-MVP-Startup-development_~021996223234755997871/?referrer_url_path=/nx/search/jobs/,"$2,500",,,,,"Cloud & Database Setup

Choose a minimal microservices architecture or a well-structured monolithic architecture.

API Gateway & Data Schema

Define data schemas for User/Adolescent, Parent, Psycholog"
n8n,021996267047662858415,"Senior AI DevOps & Infrastructure Engineer (Bilingual CN/EN) | Open WebUI, n8n, RAG Ops, AWS/GCP",https://www.upwork.com/jobs/Senior-DevOps-amp-Infrastructure-Engineer-Bilingual-Open-WebUI-span-class-highlight-n8n-span-RAG-Ops-AWS-GCP_~021996267047662858415/?referrer_url_path=/nx/search/jobs/,$700,,,,,"Project Overview:
We are Upskill.Pro, a fast-growing AI Agent platform democratizing top-tier strategy consulting for managers and leaders. We function as a ""Outcome-as-a-Service"" partner, integrating"
n8n,021996263160323190959,AI platform to practice sales calls,https://www.upwork.com/jobs/platform-practice-sales-calls_~021996263160323190959/?referrer_url_path=/nx/search/jobs/,Hourly,,,,,I am looking to create an AI platform that is for sales people to practice calls with an AI agent. The idea is sales teams will use the platform to practice cold calls + all other scenarios throughout
n8n,021996258287749275025,n8n Automation Expert Needed – YouTube Strategy Workflow (Thumbnail + Title + Top Video Analysis),https://www.upwork.com/jobs/span-class-highlight-n8n-span-Automation-Expert-Needed-YouTube-Strategy-Workflow-Thumbnail-Title-Top-Video-Analysis_~021996258287749275025/?referrer_url_path=/nx/search/jobs/,$25,,,,,"I’m looking for an advanced n8n automation expert who can build a complete YouTube strategist workflow. The system should automatically analyze thumbnails, video titles, and top-performing videos for "
n8n,021996258927205034003,Build a Full Tinder Automation Agent (n8n or Python + LLM DM + Smart Swiping + Location Switching),https://www.upwork.com/jobs/Build-Full-Tinder-Automation-Agent-span-class-highlight-n8n-span-Python-LLM-Smart-Swiping-Location-Switching_~021996258927205034003/?referrer_url_path=/nx/search/jobs/,$200,,,,,"Tinder Automation Agent – n8n or Python + LLM DM + Smart Swiping

I’m looking for a developer experienced in n8n, private/mobile APIs, or Python automation to build a personal-use Tinder automation ag"
n8n,021996258319949574319,Integrate Retell AI with ElevenLabs using n8n,https://www.upwork.com/jobs/Integrate-Retell-with-ElevenLabs-using-span-class-highlight-n8n-span_~021996258319949574319/?referrer_url_path=/nx/search/jobs/,$5,,,,,"I am looking for a skilled developer to assist in connecting my Retell AI platform to ElevenLabs via n8n. The ideal candidate will have experience with automation tools, APIs, and the specific functio"
n8n,021996211330654351535,AI Automation Content Creation Enhancement,https://www.upwork.com/jobs/Automation-Content-Creation-Enhancement_~021996211330654351535/?referrer_url_path=/nx/search/jobs/,$8,,,,,"We are looking for a skilled professional to enhance our AI Automation Content Creation. Your task will be to improve the effectiveness, consistency, and overall quality of our existing content. Ideal"
n8n,021996254634909509651,N8N Workflow develop,https://www.upwork.com/jobs/span-class-highlight-N8N-span-Workflow-develop_~021996254634909509651/?referrer_url_path=/nx/search/jobs/,$62,,,,,"I need to create a N8N Workflow.

The workflow should
- pickup a file from a GDrive Shared folder  there will be many file, the process should process all the files he found in the folder, and process"
n8n,021996251828743972883,Learning n8n through executing real projects.,https://www.upwork.com/jobs/Learning-span-class-highlight-n8n-span-through-executing-real-projects_~021996251828743972883/?referrer_url_path=/nx/search/jobs/,$100,,,,,"Dear Mohamed ,

My name is Fahad and I need to learn Building Workflow using n8n.I need your help to learn it through real projects.Let us meet and discuss it at your convenient.
Regards"
n8n,021996251372749327378,AI Integration Specialist for Real Estate Services + Website Design,https://www.upwork.com/jobs/Integration-Specialist-for-Real-Estate-Services-Website-Design_~021996251372749327378/?referrer_url_path=/nx/search/jobs/,$10,,,,,We are seeking an experienced AI integration specialist to connect APIs for real estate companies and implement AI agents for SMS and voice communication. The ideal candidate will have a strong backgr
n8n,021996248016578256273,Diagnosis and Solution for Workflow Fixes,https://www.upwork.com/jobs/Diagnosis-and-Solution-for-Workflow-Fixes_~021996248016578256273/?referrer_url_path=/nx/search/jobs/,$500,,,,,"I am building a large outreach agent ($500 project), but I will not hire anyone who cannot prove they can fix this first.

Your task: Fix my current workflow where the ElevenLabs voice agent takes use"
n8n,021996243292303601839,"I NEED a Zapier Make.com N8n Specialist for (Go High Level, NMI, Twilio, Cal.com)",https://www.upwork.com/jobs/NEED-Zapier-Make-com-span-class-highlight-N8n-span-Specialist-for-High-Level-NMI-Twilio-Cal-com_~021996243292303601839/?referrer_url_path=/nx/search/jobs/,"$1,000",,,,,"I need an automation expert to help connect and streamline the following platforms:

- Funnelish
- Go High Level 
-NMI, 
-Twilio
- Cal.com

------------------------------------------------------------"
n8n,021996240846512037265,Automate Auto Replies for Zammad Ticket System,https://www.upwork.com/jobs/Automate-Auto-Replies-for-Zammad-Ticket-System_~021996240846512037265/?referrer_url_path=/nx/search/jobs/,$5,,,,,We are seeking a skilled developer to enhance our Zammad installation integrated with NocoDB and n8n. The goal is to implement an automation feature that allows for auto-replies to tickets containing 
n8n,021996234089878923283,"Docker desktop Troubleshooting on win10, i need to run n8n",https://www.upwork.com/jobs/Docker-desktop-Troubleshooting-win10-need-run-span-class-highlight-n8n-span_~021996234089878923283/?referrer_url_path=/nx/search/jobs/,$10,,,,,I am seeking an experienced freelancer to help troubleshoot issues with Docker on my system that is preventing the launch of n8n. The ideal candidate will have a strong background in containerization 
n8n,021996225712762756497,Make.com expert needed pls to fix a sequence,https://www.upwork.com/jobs/Make-com-expert-needed-pls-fix-sequence_~021996225712762756497/?referrer_url_path=/nx/search/jobs/,$47,,,,,"I am relatively good with using make.com and n8n and similar tools but I have hit a roadbump and need help.

My automation is designed to create LinkedIn Posts from a Google sheet using OpenRouter and"
n8n,021996223727804753939,Full-Time: Back-End Developer & AI Agent Developer,https://www.upwork.com/jobs/Full-Time-Back-End-Developer-Agent-Developer_~021996223727804753939/?referrer_url_path=/nx/search/jobs/,$10,,,,,"REQUIREMENTS: 
1. Based in Americas
2. Must speak English
3. No agencies 

RATE:
$7-12/hr

REQUIRED SKILLS:
1. Javascript
2. NodeJS
3. JSON

PREFERRED SKILLS
1. N8N
2. LangChain
3. RAG

SUMMARY: 
Our "
n8n,021996220918669717679,Kommo API,https://www.upwork.com/jobs/Kommo-API_~021996220918669717679/?referrer_url_path=/nx/search/jobs/,$15,,,,,"We are stuck in integration of Kommo, WhatsApp, N8N etc and need help to solve some issues."
n8n,021996220766216784914,AI automation,https://www.upwork.com/jobs/automation_~021996220766216784914/?referrer_url_path=/nx/search/jobs/,Hourly,,,,,"We are building an AI-powered lead follow-up and appointment booking system for small businesses. We need a white-label backend partner who can deliver:

• A custom AI chatbot that can reply to leads,"
AI Agents,021996310514388576275,AI Voice Bot Development with PBX Integration,https://www.upwork.com/jobs/span-class-highlight-span-Voice-Bot-Development-with-PBX-Integration_~021996310514388576275/?referrer_url_path=/nx/search/jobs/,$15,Posted 2 minutes ago,,,,"Description:
We need an experienced developer to build an AI-powered Voice Bot that integrates directly with our PBX system to handle real-time phone calls with customers. The goal is to automate conv"
AI Agents,021996305720187554834,Build a LLM search tool,https://www.upwork.com/jobs/Build-LLM-search-tool_~021996305720187554834/?referrer_url_path=/nx/search/jobs/,"$1,000",Posted 21 minutes ago,,,,"We are looking to add an LLM text search box to our custom website, www.eyeglasses.com.  It will be trained only on our website.  We anticipate around 100 queries per day, 3000/month

Your proposal sh"
AI Agents,021996303621322582035,AI/Enrichment Specialist for Data Optimization,https://www.upwork.com/jobs/span-class-highlight-span-Enrichment-Specialist-for-Data-Optimization_~021996303621322582035/?referrer_url_path=/nx/search/jobs/,Hourly,Posted 29 minutes ago,,,,"We are seeking an experienced AI/Enrichment Specialist to enhance our data processes. The ideal candidate will perform bulk enrichment using AI, title classification, tagging, research automation, dat"
AI Agents,021996299199993557167,Senior AI/ML Engineer for RAG Solutions Optimization,https://www.upwork.com/jobs/Senior-span-class-highlight-span-Engineer-for-RAG-Solutions-Optimization_~021996299199993557167/?referrer_url_path=/nx/search/jobs/,$500,Posted 47 minutes ago,,,,"We are seeking an experienced AI/ML Engineer to help enhance our AI-driven platform by optimizing RAG solutions, improving our AI pipelines, and strengthening our agent tools and integration processes"
AI Agents,021996292196646727855,Vapi.AI Expert Needed for Warm Transfer Setup & Feature Guidance,https://www.upwork.com/jobs/Vapi-span-class-highlight-span-Expert-Needed-for-Warm-Transfer-Setup-amp-Feature-Guidance_~021996292196646727855/?referrer_url_path=/nx/search/jobs/,$5,,,,,"I’m looking for an experienced Vapi.AI developer to help me configure and optimize several features, including warm transfer, within my existing Vapi setup. The work will be done live over screen-shar"
AI Agents,021996285044407929874,Urgent Meeting Request – Conversational AI in GoHighLevel,https://www.upwork.com/jobs/Urgent-Meeting-Request-Conversational-span-class-highlight-span-GoHighLevel_~021996285044407929874/?referrer_url_path=/nx/search/jobs/,Hourly,,,,,We are looking for an experienced developer or AI specialist who can create and implement conversational AI solutions within Go High Level. The ideal candidate should have hands-on experience building
AI Agents,021996281590109178898,N8N Specialist Needed for Multi-Tenant RAG and Document Management,https://www.upwork.com/jobs/N8N-Specialist-Needed-for-Multi-Tenant-RAG-and-Document-Management_~021996281590109178898/?referrer_url_path=/nx/search/jobs/,$15,,,,,"Project Goal:
Develop robust N8N workflows for a multi-tenant RAG chatbot backend, handling the complete lifecycle of documents: secure upload, indexing, and crucial deletion/de-indexing. The RAG proc"
AI Agents,021996275536866418065,n8n AI Agent Builder and Automations,https://www.upwork.com/jobs/n8n-span-class-highlight-span-span-class-highlight-Agent-span-Builder-and-Automations_~021996275536866418065/?referrer_url_path=/nx/search/jobs/,Hourly,,,,,"I need someone to set up a group of AI agents on n8n to automate various business development research, social media content posts and scheduling, copywriting, Divi website edits, and other automation"
AI Agents,021996272573587007507,AI Agent to track issues in JIRA,https://www.upwork.com/jobs/span-class-highlight-span-span-class-highlight-Agent-span-track-issues-JIRA_~021996272573587007507/?referrer_url_path=/nx/search/jobs/,$15,,,,,Need to have an AI Agent to track issues in JIRA. The AI agent needs to be created on a specific platform using python and integrate it with JIRA.
AI Agents,021996271924142672914,Hybrid Multi Agent,https://www.upwork.com/jobs/Hybrid-Multi-span-class-highlight-Agent-span_~021996271924142672914/?referrer_url_path=/nx/search/jobs/,$2,,,,,"I am looking for a developer with strong experience in multi-agent systems to build a hybrid multi-agent application in a specific domain with defined functionalities. The solution must be scalable, w"
AI Agents,021996267315086859665,AI Video Generator for Ecommerce,https://www.upwork.com/jobs/span-class-highlight-span-Video-Generator-for-Ecommerce_~021996267315086859665/?referrer_url_path=/nx/search/jobs/,$5,,,,,"Hello, we are an ecommerce brand who wants to start using AI footage in our ads.

Your job would be to use an AI model like Sora or whatever your preference is, to generate high quality, realistic loo"
AI Agents,021996263160323190959,AI platform to practice sales calls,https://www.upwork.com/jobs/span-class-highlight-span-platform-practice-sales-calls_~021996263160323190959/?referrer_url_path=/nx/search/jobs/,Hourly,,,,,I am looking to create an AI platform that is for sales people to practice calls with an AI agent. The idea is sales teams will use the platform to practice cold calls + all other scenarios throughout
AI Agents,021996264882692529553,AI Trainer – Prompt Engineering & Role-Based Advisory Board Setup,https://www.upwork.com/jobs/span-class-highlight-span-Trainer-Prompt-Engineering-amp-Role-Based-Advisory-Board-Setup_~021996264882692529553/?referrer_url_path=/nx/search/jobs/,$20,,,,,"We are seeking for AI Trainer with strong experience in prompt engineering, workforce enablement, and role-tailored AI advisory board design. Your role will be to train our teams on how to craft effec"
AI Agents,021996263206905063443,AI Automation Mentor for Real-World IT Projects,https://www.upwork.com/jobs/span-class-highlight-span-Automation-Mentor-for-Real-World-Projects_~021996263206905063443/?referrer_url_path=/nx/search/jobs/,$964,,,,,"AI Automation Mentor for Real IT Use Cases

Overview:
I am an IT Support Associate with experience in Windows, Linux, networking devices, and ServiceNow. I have completed introductory training in AI a"
AI Agents,021996259481050294291,AI Developer for Enhancing RAG Pipeline and Building Intelligent Agent,https://www.upwork.com/jobs/span-class-highlight-span-Developer-for-Enhancing-RAG-Pipeline-and-Building-Intelligent-span-class-highlight-Agent-span_~021996259481050294291/?referrer_url_path=/nx/search/jobs/,"$5,600",,,,,We are seeking an experienced AI developer to enhance our current Retrieval-Augmented Generation (RAG) pipeline and build a proficient AI agent capable of accurately understanding user queries and per
AI Agents,021996258319949574319,Integrate Retell AI with ElevenLabs using n8n,https://www.upwork.com/jobs/Integrate-Retell-span-class-highlight-span-with-ElevenLabs-using-n8n_~021996258319949574319/?referrer_url_path=/nx/search/jobs/,$5,,,,,"I am looking for a skilled developer to assist in connecting my Retell AI platform to ElevenLabs via n8n. The ideal candidate will have experience with automation tools, APIs, and the specific functio"
AI Agents,021996211330654351535,AI Automation Content Creation Enhancement,https://www.upwork.com/jobs/span-class-highlight-span-Automation-Content-Creation-Enhancement_~021996211330654351535/?referrer_url_path=/nx/search/jobs/,$8,,,,,"We are looking for a skilled professional to enhance our AI Automation Content Creation. Your task will be to improve the effectiveness, consistency, and overall quality of our existing content. Ideal"
AI Agents,021996255179237894163,U Chat AI Assistant Developer,https://www.upwork.com/jobs/Chat-span-class-highlight-span-Assistant-Developer_~021996255179237894163/?referrer_url_path=/nx/search/jobs/,$150,,,,,"AI Bot Builder for Dealership Demo (UChat Required)

We’re looking for an AI developer who can help us build a high-ROI demo bot for car dealerships using UChat. The goal isn’t to build a full product"
AI Agents,021996251372749327378,AI Integration Specialist for Real Estate Services + Website Design,https://www.upwork.com/jobs/span-class-highlight-span-Integration-Specialist-for-Real-Estate-Services-Website-Design_~021996251372749327378/?referrer_url_path=/nx/search/jobs/,$10,,,,,We are seeking an experienced AI integration specialist to connect APIs for real estate companies and implement AI agents for SMS and voice communication. The ideal candidate will have a strong backgr
AI Agents,021996249540599586193,AI Consultant Needed for MSP Projects in the UK,https://www.upwork.com/jobs/span-class-highlight-span-Consultant-Needed-for-MSP-Projects-the_~021996249540599586193/?referrer_url_path=/nx/search/jobs/,$19,,,,,We are a Managed Service Provider (MSP) based in the UK seeking a skilled consultant or agency to partner with us on AI projects and implementations. The ideal candidate will have strong experience in
AI Agents,021995220767345973111,AI Voice Agent SaaS Platform Development,https://www.upwork.com/jobs/span-class-highlight-span-Voice-span-class-highlight-Agent-span-SaaS-Platform-Development_~021995220767345973111/?referrer_url_path=/nx/search/jobs/,"$15,000",Posted 3 days ago,,,,"I'm looking for a highly skilled technical lead, you may bring 1–2 additional engineers, to build a complete AI Voice Agent SaaS platform. This is an enterprise-level product with a very large and cle"
AI Agents,021996228621726490001,Short Fixing Job - Python AI Developer | AI Voice Agent,https://www.upwork.com/jobs/Short-Fixing-Job-Python-span-class-highlight-span-Developer-span-class-highlight-span-Voice-span-class-highlight-Agent-span_~021996228621726490001/?referrer_url_path=/nx/search/jobs/,$40,,,,,"I need a developer experienced in Python, GPT-4, Twilio, and VAPI to fix and optimize an existing AI voice/call agent setup. The task involves troubleshooting the current logic, improving response han"
AI Agents,021996223099698781585,AI Agent Workflow Specialist for Image and Video Generation,https://www.upwork.com/jobs/span-class-highlight-span-span-class-highlight-Agent-span-Workflow-Specialist-for-Image-and-Video-Generation_~021996223099698781585/?referrer_url_path=/nx/search/jobs/,$10,,,,,"We are seeking an experienced AI Agent Workflow Specialist to create dynamic images and videos tailored to various product variables and scenarios. 
The ideal candidate will have a strong background i"
AI Agents,021996220766216784914,AI automation,https://www.upwork.com/jobs/span-class-highlight-span-automation_~021996220766216784914/?referrer_url_path=/nx/search/jobs/,$100,,,,,"We are building an AI-powered lead follow-up and appointment booking system for small businesses. We need a white-label backend partner who can deliver:

• A custom AI chatbot that can reply to leads,"
AI Agents,021996212438525227183,Chatbot Development Project,https://www.upwork.com/jobs/Chatbot-Development-Project_~021996212438525227183/?referrer_url_path=/nx/search/jobs/,$15,,,,,"We are seeking a skilled chatbot developer to create an interactive chatbot for our business. The ideal candidate will have experience in designing, developing, and deploying chatbots across various p"
AI Agents,021996204276849977363,"AI Content Engineer (RAG + Claude + n8n)
(With Mandatory Video Introduction)",https://www.upwork.com/jobs/span-class-highlight-span-Content-Engineer-RAG-Claude-n8n-With-Mandatory-Video-Introduction_~021996204276849977363/?referrer_url_path=/nx/search/jobs/,$1,,,,,"We are building an internal AI Content System that automates idea sourcing, rewriting, hook generation, scoring, RAG retrieval, and video creation.
This role requires someone who can architect the ent"
AI Agents,021996203009285238959,Voice Agent Quick Fixes Needed,https://www.upwork.com/jobs/Voice-span-class-highlight-Agent-span-Quick-Fixes-Needed_~021996203009285238959/?referrer_url_path=/nx/search/jobs/,"$1,000",,,,,"I'm building out voice AI agents for customer service and need someone quick to troubleshoot and fix issues like prompt glitches, speech-to-text errors, or integrations with Twilio/VAPI/n8n. Deliverab"
AI Agents,021996202836291102739,"AI Agent Developer, LLM",https://www.upwork.com/jobs/span-class-highlight-span-span-class-highlight-Agent-span-Developer-LLM_~021996202836291102739/?referrer_url_path=/nx/search/jobs/,$15,,,,,"AI Agent development ,Dynamic pricing ML etc...Multi Agent Orchestration"
AI Agents,021996201840323211353,Brand Voice GPT Development and Training,https://www.upwork.com/jobs/Brand-Voice-GPT-Development-and-Training_~021996201840323211353/?referrer_url_path=/nx/search/jobs/,$10,,,,,We are looking for an experienced AI prompt engineer or ChatGPT specialist to help us build a robust Brand Voice GPT inside our ChatGPT account. We already have a style guide in place—your role is to 
AI Agents,021996202144870173714,"Email AI Quick Fixes
 Needed",https://www.upwork.com/jobs/Email-span-class-highlight-span-Quick-Fixes-Needed_~021996202144870173714/?referrer_url_path=/nx/search/jobs/,$100,,,,,"Looking for a sharp AI specialist to handle fast tweaks on email automation flows – things like response generation bugs, CRM syncs (Gmail/Outlook + OpenAI), or classification errors. Specific deliver"
voice ai,021996311548146100243,Use OpenAI Sora or Veo to create 60-second life like testimonial,https://www.upwork.com/jobs/Use-Open-span-class-highlight-span-Sora-Veo-create-second-life-like-testimonial_~021996311548146100243/?referrer_url_path=/nx/search/jobs/,$221,Posted 1 minute ago,,,,"Hi,

I'm recording a video, which I attached, that I'm having trouble with.

I need to record 30 of these videos with a different first name at the very begining, while the rest of the video is the sa"
voice ai,021996311328406581423,"Proofreader/Editor for AI-Assisted French→English Book Translation (135,000 words)",https://www.upwork.com/jobs/Proofreader-Editor-for-span-class-highlight-span-Assisted-French-English-Book-Translation-135-000-words_~021996311328406581423/?referrer_url_path=/nx/search/jobs/,$10,Posted 2 minutes ago,,,,"Description:
I am looking for a skilled English proofreader/editor to revise a full book translation (approx. 135,000 words). The text will first be translated using DeepL to reduce costs, and I will "
voice ai,021996310514388576275,AI Voice Bot Development with PBX Integration,https://www.upwork.com/jobs/span-class-highlight-span-span-class-highlight-Voice-span-Bot-Development-with-PBX-Integration_~021996310514388576275/?referrer_url_path=/nx/search/jobs/,$15,Posted 5 minutes ago,,,,"Description:
We need an experienced developer to build an AI-powered Voice Bot that integrates directly with our PBX system to handle real-time phone calls with customers. The goal is to automate conv"
voice ai,021996260286389656977,Virtual Assistant Needed for Business Rebuilding,https://www.upwork.com/jobs/Virtual-Assistant-Needed-for-Business-Rebuilding_~021996260286389656977/?referrer_url_path=/nx/search/jobs/,$10,Posted 25 minutes ago,,,,"I am looking for a highly organized and proactive Virtual Assistant to help me rebuild my business, which has been established since 2014. The ideal candidate will assist with managing emails, bookkee"
voice ai,021996303192955816978,YouTube Screencast & AI Voice Sync Specialist (Healthcare Education Content),https://www.upwork.com/jobs/YouTube-Screencast-amp-span-class-highlight-span-span-class-highlight-Voice-span-Sync-Specialist-Healthcare-Education-Content_~021996303192955816978/?referrer_url_path=/nx/search/jobs/,Hourly,Posted 34 minutes ago,,,,"Project-Based | Ongoing Work Available

About All Healthcare Careers (AHC)
👉 https://allhealthcarecareers.com/
AHC helps future nurses and CNAs pass their exams through practice tests, flashcards, vi"
voice ai,021996302163591667089,"Looking for a YouTube Documentary-Style Video Editor (Faceless, Cinematic, 10-Min Videos)",https://www.upwork.com/jobs/Looking-for-YouTube-Documentary-Style-Video-Editor-Faceless-Cinematic-Min-Videos_~021996302163591667089/?referrer_url_path=/nx/search/jobs/,$100,Posted 38 minutes ago,,,,"Looking for a YouTube Documentary-Style Video Editor (Faceless, Cinematic, 10-Min Videos)

Descripción:

I’m building a faceless YouTube documentary channel (in English) focused on:
future of wealth, "
voice ai,021994373597551681749,GoHighLevel Automation & Tech Setup Expert for Info-Business Funnels (Long-Term | Fixed or Hourly),https://www.upwork.com/jobs/GoHighLevel-Automation-Tech-Setup-Expert-for-Info-Business-Funnels-Long-Term-Fixed-Hourly_~021994373597551681749/?referrer_url_path=/nx/search/jobs/,$25,Posted 6 days ago,,,,"JOB DESCRIPTION:
I’m looking for a high-level GoHighLevel automation & tech specialist for long-term collaboration across two brands (construction + online education).
This is not a basic funnel build"
voice ai,021996290694449990674,GoHighLevel Expert Needed,https://www.upwork.com/jobs/GoHighLevel-Expert-Needed_~021996290694449990674/?referrer_url_path=/nx/search/jobs/,Hourly,,,,,"Technical Setup Needed

Connect and configure my domain

Install and configure the chat widget properly

Build the full backend structure

Set up calendars, workflows, tags, pipelines

Create 3-tier o"
voice ai,021996284825895577619,TikTok Video Editor (Dropshipping Ads),https://www.upwork.com/jobs/TikTok-Video-Editor-Dropshipping-Ads_~021996284825895577619/?referrer_url_path=/nx/search/jobs/,$6,,,,,"We run multiple EU dropshipping stores + we are an Agency and produce TikTok ads every day.

We’re looking for 3 reliable TikTok video editors who can follow a proven structure and deliver fast, clean"
voice ai,021996276068561558929,Meta Tags Reviewer/Optimizer,https://www.upwork.com/jobs/Meta-Tags-Reviewer-Optimizer_~021996276068561558929/?referrer_url_path=/nx/search/jobs/,$152,,,,,"We’re looking for a detail-oriented specialist to review, refine, and optimize the meta titles and descriptions across our website. The ideal candidate has excellent English writing skills and a stron"
voice ai,021996269652057206959,Full Stack Developer Needed for AI Voice Agent Onboarding App,https://www.upwork.com/jobs/Full-Stack-Developer-Needed-for-span-class-highlight-span-span-class-highlight-Voice-span-Agent-Onboarding-App_~021996269652057206959/?referrer_url_path=/nx/search/jobs/,"$5,000",,,,,We are seeking a skilled full stack developer to bring our new MVP idea to life. The project involves creating an onboarding app that utilizes AI voice agents to enhance user experience and streamline
voice ai,021996268052827812015,"Looking for X/Twitter/Linkedin Content Researcher + Writer (Founder Voice, Medtech/Healthtech)",https://www.upwork.com/jobs/Looking-for-Twitter-Linkedin-Content-Researcher-Writer-Founder-span-class-highlight-Voice-span-Medtech-Healthtech_~021996268052827812015/?referrer_url_path=/nx/search/jobs/,Hourly,,,,,"I’m a founder in the medical device / neurotech space looking for someone to help improve my presence on X/Twitter and LinkedIn. I’m not looking for generic marketing content. I want short, thoughtful"
voice ai,021996267188868229139,Video Editor,https://www.upwork.com/jobs/Video-Editor_~021996267188868229139/?referrer_url_path=/nx/search/jobs/,$400,,,,,"Type: Remote, full-time (mandatory)
Availability: Immediate
Location: Latin America

What We’re Looking For:

We’re looking for an innovative Video Editor who can combine traditional techniques with A"
voice ai,021996263160323190959,AI platform to practice sales calls,https://www.upwork.com/jobs/span-class-highlight-span-platform-practice-sales-calls_~021996263160323190959/?referrer_url_path=/nx/search/jobs/,Hourly,,,,,I am looking to create an AI platform that is for sales people to practice calls with an AI agent. The idea is sales teams will use the platform to practice cold calls + all other scenarios throughout
voice ai,021996262077462950063,Noble Steel Co. Content Creator (Short-Form Video),https://www.upwork.com/jobs/Noble-Steel-Content-Creator-Short-Form-Video_~021996262077462950063/?referrer_url_path=/nx/search/jobs/,$10,,,,,"Overview

We’re a fast-growing metal-building company creating modern, educational content around a legacy industry. We want a creator who can take raw ideas—topics, insights, simple photos—and turn t"
voice ai,021996258084269067282,SEO Content & Publishing Virtual Assistant for Luxury E-commerce,https://www.upwork.com/jobs/SEO-Content-Publishing-Virtual-Assistant-for-Luxury-commerce_~021996258084269067282/?referrer_url_path=/nx/search/jobs/,Hourly,,,,,"JOB DESCRIPTION — SEO Content & Publishing VA (E-Commerce Brand)

Company: E-Commerce Brand (Design-Led)
Location: Remote
Hours: ~20 hrs/week (scales with output)
Start Date: Immediate

About the Role"
voice ai,021996255433358258351,Generate audio dialogue lines in Mand. Chinese using Eleven Labs' TTS system + Correct.Proofreading,https://www.upwork.com/jobs/Generate-audio-dialogue-lines-Mand-Chinese-using-Eleven-Labs-TTS-system-Correct-Proofreading_~021996255433358258351/?referrer_url_path=/nx/search/jobs/,$0,,,,,"Description
Job Mission: WonderLang is a video game designed for language learning, and I am looking for a native Mandarin Chinese speaker from China to help generate audio dialogue lines in Mandarin "
voice ai,021996255167698804113,B2B Marketing Specialist,https://www.upwork.com/jobs/B2B-Marketing-Specialist_~021996255167698804113/?referrer_url_path=/nx/search/jobs/,$30,,,,,"📌 Job Title:

B2B Marketing Specialist — LinkedIn, Outbound Email, SEO-Friendly Content, & Light Website Updates

If you submit for this job, please include your favorite sport and an example of a co"
voice ai,021996251372749327378,AI Integration Specialist for Real Estate Services + Website Design,https://www.upwork.com/jobs/span-class-highlight-span-Integration-Specialist-for-Real-Estate-Services-Website-Design_~021996251372749327378/?referrer_url_path=/nx/search/jobs/,$10,,,,,We are seeking an experienced AI integration specialist to connect APIs for real estate companies and implement AI agents for SMS and voice communication. The ideal candidate will have a strong backgr
voice ai,021996245174494956562,"Founding Marketing Manager (AI-Native, Full-Funnel Growth)",https://www.upwork.com/jobs/Founding-Marketing-Manager-span-class-highlight-span-Native-Full-Funnel-Growth_~021996245174494956562/?referrer_url_path=/nx/search/jobs/,$30,,,,,"M&A Science is carving out into its own company and building a modern, AI-powered marketing engine from the ground up. We publish a high volume of content (podcast, video, membership, learning program"
voice ai,021996239473074609553,AI Voice Swap,https://www.upwork.com/jobs/span-class-highlight-span-span-class-highlight-Voice-span-Swap_~021996239473074609553/?referrer_url_path=/nx/search/jobs/,$15,,,,,"Here are examples of my Ai generated podcasts:
https://issuemagazine.com/podcast/#/

I'm looking to take the existing audio and split it into two audio tracks (one per speaker) and then to swap out th"
voice ai,021996238381658615983,Voice Automation Developer (Phone Call Routing + Whisper/TTS),https://www.upwork.com/jobs/span-class-highlight-Voice-span-Automation-Developer-Phone-Call-Routing-Whisper-TTS_~021996238381658615983/?referrer_url_path=/nx/search/jobs/,$9,,,,,"Looking for an engineer who has worked on:

Voice-to-text using Whisper
TTS engines
Phone call automation
Twilio/Vonage call flows
Building natural call-answering systems
If you’ve built any call auto"
voice ai,021996237424232603025,Need 30 to 35 seconds short conversational music,https://www.upwork.com/jobs/Need-seconds-short-conversational-music_~021996237424232603025/?referrer_url_path=/nx/search/jobs/,$12,,,,,"Need an expert in AI music generation (Suno etc.) to help refine and produce a specific 35-second audio track. I have the lyrics and a rough audio concept, but I need someone to generate the perfect h"
voice ai,021996237382835382291,AI Voiceover Specialist,https://www.upwork.com/jobs/span-class-highlight-span-span-class-highlight-Voiceover-span-Specialist_~021996237382835382291/?referrer_url_path=/nx/search/jobs/,$5,,,,,"We’re looking for a highly skilled AI Voiceover Specialist to produce high-quality, realistic American male narrations for our YouTube videos using ElevenLabs or other advanced AI voice automation too"
voice ai,021995220767345973111,AI Voice Agent SaaS Platform Development,https://www.upwork.com/jobs/span-class-highlight-span-span-class-highlight-Voice-span-Agent-SaaS-Platform-Development_~021995220767345973111/?referrer_url_path=/nx/search/jobs/,"$15,000",Posted 3 days ago,,,,"I'm looking for a highly skilled technical lead, you may bring 1–2 additional engineers, to build a complete AI Voice Agent SaaS platform. This is an enterprise-level product with a very large and cle"
voice ai,021996233141452016658,Commission-Based Sales Rep / Appointment Setter (AI Company | Remote),https://www.upwork.com/jobs/Commission-Based-Sales-Rep-Appointment-Setter-span-class-highlight-span-Company-Remote_~021996233141452016658/?referrer_url_path=/nx/search/jobs/,$80,,,,,"We’re an AI automation agency looking for experienced appointment setters who can do cold outreach and book qualified meetings.

Compensation:
- 20% commission (first month only)
- No base salary
- Ea"
voice ai,021996229167582228655,Vietnamese Conversation Audio Recording,https://www.upwork.com/jobs/Vietnamese-Conversation-Audio-Recording_~021996229167582228655/?referrer_url_path=/nx/search/jobs/,$40,,,,,"Hi!

We are looking for 50 pairs of Vietnamese natives with standard accent to do a conversation recording. (Please note that you need to have your own partner to do the conversation recording, and we"
voice ai,021996228621726490001,Short Fixing Job - Python AI Developer | AI Voice Agent,https://www.upwork.com/jobs/Short-Fixing-Job-Python-span-class-highlight-span-Developer-span-class-highlight-span-span-class-highlight-Voice-span-Agent_~021996228621726490001/?referrer_url_path=/nx/search/jobs/,$40,,,,,"I need a developer experienced in Python, GPT-4, Twilio, and VAPI to fix and optimize an existing AI voice/call agent setup. The task involves troubleshooting the current logic, improving response han"
voice ai,021996228091420223507,Need help creating an AI Voice for an Avatar,https://www.upwork.com/jobs/Need-help-creating-span-class-highlight-span-span-class-highlight-Voice-span-for-Avatar_~021996228091420223507/?referrer_url_path=/nx/search/jobs/,$4,,,,,I am trying to create an AI character for a social media brand building campaign.  The character will be a a young child who is dressed as a professional and answers legal questions correctly but in t
voice ai,021996227428019182993,Voice AI Developer Skill Test,https://www.upwork.com/jobs/span-class-highlight-Voice-span-span-class-highlight-span-Developer-Skill-Test_~021996227428019182993/?referrer_url_path=/nx/search/jobs/,$35,,,,,Please view the assignment down below for more information
chatbots,021996310514388576275,AI Voice Bot Development with PBX Integration,https://www.upwork.com/jobs/Voice-Bot-Development-with-PBX-Integration_~021996310514388576275/?referrer_url_path=/nx/search/jobs/,$15,Posted 11 minutes ago,,,,"Description:
We need an experienced developer to build an AI-powered Voice Bot that integrates directly with our PBX system to handle real-time phone calls with customers. The goal is to automate conv"
chatbots,021996305720187554834,Build a LLM search tool,https://www.upwork.com/jobs/Build-LLM-search-tool_~021996305720187554834/?referrer_url_path=/nx/search/jobs/,$15,Posted 30 minutes ago,,,,"We are looking to add an LLM text search box to our custom website, www.eyeglasses.com.  It will be trained only on our website.  We anticipate around 100 queries per day, 3000/month

Your proposal sh"
chatbots,021996294956317777297,WhatsApp Automated Chatbot + API Integration for Top-Up Service,https://www.upwork.com/jobs/WhatsApp-Automated-span-class-highlight-Chatbot-span-API-Integration-for-Top-Service_~021996294956317777297/?referrer_url_path=/nx/search/jobs/,$100,Posted 34 minutes ago,,,,"𝗣𝗿𝗼𝗷𝗲𝗰𝘁 𝗢𝘃𝗲𝗿𝘃𝗶𝗲𝘄:
We are looking for a developer to build an automated WhatsApp chatbot that allows users to perform mobile top-up (recharge) operations through a guided conversation.
T"
chatbots,021996302915517755567,Developer Needed to Wrap Excel Financial Model in Web App + Build GPT-Powered Chatbots,https://www.upwork.com/jobs/Developer-Needed-Wrap-Excel-Financial-Model-Web-App-Build-GPT-Powered-span-class-highlight-Chatbots-span_~021996302915517755567/?referrer_url_path=/nx/search/jobs/,$250,Posted 41 minutes ago,,,,"Short Summary:

I’m building a demo “AI financial advisor” where Excel handles all calculations. A simple web app collects inputs through a standard form and three small chatbots that convert conversa"
chatbots,021996297897204986031,Botpress Chatbot Developer + Automation Expert (Website Chatbot),https://www.upwork.com/jobs/Botpress-span-class-highlight-Chatbot-span-Developer-Automation-Expert-Website-span-class-highlight-Chatbot-span_~021996297897204986031/?referrer_url_path=/nx/search/jobs/,$2,Posted 1 hour ago,,,,"We are creating a professional website chatbot for an IT solutions company.
The chatbot must be built in Botpress v12 and include:

Multiple service flows (Cloud, Cybersecurity, Microsoft 365, Google "
chatbots,021996297559521503251,AI Automation Setup Specialist (Freelancer),https://www.upwork.com/jobs/Automation-Setup-Specialist-Freelancer_~021996297559521503251/?referrer_url_path=/nx/search/jobs/,$2,Posted 1 hour ago,,,,"Description:
I run a business helping small businesses automate repetitive admin tasks using AI and workflow automation tools. I’m looking for a freelance automation specialist to implement workflow a"
chatbots,021996285044407929874,Urgent Meeting Request – Conversational AI in GoHighLevel,https://www.upwork.com/jobs/Urgent-Meeting-Request-Conversational-GoHighLevel_~021996285044407929874/?referrer_url_path=/nx/search/jobs/,"$1,000",,,,,We are looking for an experienced developer or AI specialist who can create and implement conversational AI solutions within Go High Level. The ideal candidate should have hands-on experience building
chatbots,021996281590109178898,N8N Specialist Needed for Multi-Tenant RAG and Document Management,https://www.upwork.com/jobs/N8N-Specialist-Needed-for-Multi-Tenant-RAG-and-Document-Management_~021996281590109178898/?referrer_url_path=/nx/search/jobs/,$15,,,,,"Project Goal:
Develop robust N8N workflows for a multi-tenant RAG chatbot backend, handling the complete lifecycle of documents: secure upload, indexing, and crucial deletion/de-indexing. The RAG proc"
chatbots,021996275536866418065,n8n AI Agent Builder and Automations,https://www.upwork.com/jobs/n8n-Agent-Builder-and-Automations_~021996275536866418065/?referrer_url_path=/nx/search/jobs/,Hourly,,,,,"I need someone to set up a group of AI agents on n8n to automate various business development research, social media content posts and scheduling, copywriting, Divi website edits, and other automation"
chatbots,021996272573587007507,AI Agent to track issues in JIRA,https://www.upwork.com/jobs/Agent-track-issues-JIRA_~021996272573587007507/?referrer_url_path=/nx/search/jobs/,$15,,,,,Need to have an AI Agent to track issues in JIRA. The AI agent needs to be created on a specific platform using python and integrate it with JIRA.
chatbots,021996263160323190959,AI platform to practice sales calls,https://www.upwork.com/jobs/platform-practice-sales-calls_~021996263160323190959/?referrer_url_path=/nx/search/jobs/,Hourly,,,,,I am looking to create an AI platform that is for sales people to practice calls with an AI agent. The idea is sales teams will use the platform to practice cold calls + all other scenarios throughout
chatbots,021996255179237894163,U Chat AI Assistant Developer,https://www.upwork.com/jobs/Chat-Assistant-Developer_~021996255179237894163/?referrer_url_path=/nx/search/jobs/,$150,,,,,"AI Bot Builder for Dealership Demo (UChat Required)

We’re looking for an AI developer who can help us build a high-ROI demo bot for car dealerships using UChat. The goal isn’t to build a full product"
chatbots,021996206469816725679,AI Prompt & Workflow Specialist for Zendesk + Eesel AI (with basic API knowledge),https://www.upwork.com/jobs/Prompt-Workflow-Specialist-for-Zendesk-Eesel-with-basic-API-knowledge_~021996206469816725679/?referrer_url_path=/nx/search/jobs/,$22,,,,,"We are Brouwland, Europe´s leading wholesaler for all your craft brewing, wine making or artisan food needs.
We are currently setting up AI-driven workflows in Zendesk using Eesel AI and are looking f"
chatbots,021996249540599586193,AI Consultant Needed for MSP Projects in the UK,https://www.upwork.com/jobs/Consultant-Needed-for-MSP-Projects-the_~021996249540599586193/?referrer_url_path=/nx/search/jobs/,$19,,,,,We are a Managed Service Provider (MSP) based in the UK seeking a skilled consultant or agency to partner with us on AI projects and implementations. The ideal candidate will have strong experience in
chatbots,021996238381658615983,Voice Automation Developer (Phone Call Routing + Whisper/TTS),https://www.upwork.com/jobs/Voice-Automation-Developer-Phone-Call-Routing-Whisper-TTS_~021996238381658615983/?referrer_url_path=/nx/search/jobs/,$9,,,,,"Looking for an engineer who has worked on:

Voice-to-text using Whisper
TTS engines
Phone call automation
Twilio/Vonage call flows
Building natural call-answering systems
If you’ve built any call auto"
chatbots,021996236971401022482,Developer Needed for Custom Chat Automation – Long-Term Work,https://www.upwork.com/jobs/Developer-Needed-for-Custom-Chat-Automation-Long-Term-Work_~021996236971401022482/?referrer_url_path=/nx/search/jobs/,$9,,,,,"We’re looking for a reliable developer who has already implemented custom chat automations for businesses.
If you have experience with:

Website chat integrations
WhatsApp/FB/IG automation
Conversatio"
chatbots,021996220766216784914,AI automation,https://www.upwork.com/jobs/automation_~021996220766216784914/?referrer_url_path=/nx/search/jobs/,Hourly,,,,,"We are building an AI-powered lead follow-up and appointment booking system for small businesses. We need a white-label backend partner who can deliver:

• A custom AI chatbot that can reply to leads,"
chatbots,021996212438525227183,Chatbot Development Project,https://www.upwork.com/jobs/span-class-highlight-Chatbot-span-Development-Project_~021996212438525227183/?referrer_url_path=/nx/search/jobs/,$15,,,,,"We are seeking a skilled chatbot developer to create an interactive chatbot for our business. The ideal candidate will have experience in designing, developing, and deploying chatbots across various p"
chatbots,021996203009285238959,Voice Agent Quick Fixes Needed,https://www.upwork.com/jobs/Voice-Agent-Quick-Fixes-Needed_~021996203009285238959/?referrer_url_path=/nx/search/jobs/,$10,,,,,"I'm building out voice AI agents for customer service and need someone quick to troubleshoot and fix issues like prompt glitches, speech-to-text errors, or integrations with Twilio/VAPI/n8n. Deliverab"
chatbots,021996201840323211353,Brand Voice GPT Development and Training,https://www.upwork.com/jobs/Brand-Voice-GPT-Development-and-Training_~021996201840323211353/?referrer_url_path=/nx/search/jobs/,$10,,,,,We are looking for an experienced AI prompt engineer or ChatGPT specialist to help us build a robust Brand Voice GPT inside our ChatGPT account. We already have a style guide in place—your role is to 
chatbots,021996202144870173714,"Email AI Quick Fixes
 Needed",https://www.upwork.com/jobs/Email-Quick-Fixes-Needed_~021996202144870173714/?referrer_url_path=/nx/search/jobs/,$300,,,,,"Looking for a sharp AI specialist to handle fast tweaks on email automation flows – things like response generation bugs, CRM syncs (Gmail/Outlook + OpenAI), or classification errors. Specific deliver"
chatbots,021996200518268750866,WhatsApp Chatbot & Automation System for Lead Qualification and Tenant Support,https://www.upwork.com/jobs/WhatsApp-span-class-highlight-Chatbot-span-amp-Automation-System-for-Lead-Qualification-and-Tenant-Support_~021996200518268750866/?referrer_url_path=/nx/search/jobs/,$2,,,,,"About the Business:
I manage multiple rental properties and sublets for foreign workers. Every day I receive many messages from two groups:

New leads asking about available rooms

Existing tenants re"
chatbots,021996178756895649881,AI Kurdish and Iraqi WhatsApp chatbot / language model,https://www.upwork.com/jobs/Kurdish-and-Iraqi-WhatsApp-span-class-highlight-chatbot-span-language-model_~021996178756895649881/?referrer_url_path=/nx/search/jobs/,$500,,,,,We are developing a chatbot that can interact with customers in Iraqi Arabic as well as Iraqi Kurdish. For Kurdish there are some models on hugging face but we will likely need to implement continuous
chatbots,021996138018494359571,AI-Powered WhatsApp Integration Developer,https://www.upwork.com/jobs/Powered-WhatsApp-Integration-Developer_~021996138018494359571/?referrer_url_path=/nx/search/jobs/,$2,,,,,"We are seeking an experienced developer to create an innovative solution involving Apify, database integration, and AI technology. The project will focus on integrating an AI caller and WhatsApp API, "
chatbots,021996124206584246447,Automation servcices,https://www.upwork.com/jobs/Automation-servcices_~021996124206584246447/?referrer_url_path=/nx/search/jobs/,$500,,,,,hi can you make a workflow for me as the core theme of my automation process is to automate videos from veo to scriptt writing using open ai api and then upload oin yt
chatbots,021996120362999558319,Outbound Voice Bot Integration Developer (GHL + VAPI),https://www.upwork.com/jobs/Outbound-Voice-Bot-Integration-Developer-GHL-VAPI_~021996120362999558319/?referrer_url_path=/nx/search/jobs/,$100,,,,,"I’m looking for an experienced developer to connect an outbound voice bot between Go High Level (GHL) and VAPI. The task requires setting up a VAPI endpoint that accepts API requests from GHL, trigger"
chatbots,021996114168917405785,Freelance AI Chatbot Developer for Website & Airbnb Automation,https://www.upwork.com/jobs/Freelance-span-class-highlight-Chatbot-span-Developer-for-Website-amp-Airbnb-Automation_~021996114168917405785/?referrer_url_path=/nx/search/jobs/,$50,,,,,"We are looking for an experienced and highly skilled AI Chatbot Developer to design, build, and deploy a custom, intelligent chatbot solution. This bot will be integrated into our main website and our"
chatbots,021996058314267167762,"Open Talent Bench (AI, Automation, Workflows, Systems)",https://www.upwork.com/jobs/Open-Talent-Bench-Automation-Workflows-Systems_~021996058314267167762/?referrer_url_path=/nx/search/jobs/,$2,,,,,"Remote • Project-Based • Flexible • Bring Your Skillset

ShiftWorks is building a bench of highly skilled contractors to support our growing pipeline of AI & workflow consulting projects. We specializ"
chatbots,021996092455711355055,Help Needed: Retell AI Call Summary Debug + Fix (24-Hour Deadline),https://www.upwork.com/jobs/Help-Needed-Retell-Call-Summary-Debug-Fix-Hour-Deadline_~021996092455711355055/?referrer_url_path=/nx/search/jobs/,$100,,,,,"Title:
Retell AI Expert Needed to Fix New-Patient Call Summary Data Capture (24-Hour Completion)

Job Description:
I am seeking an experienced Retell AI specialist to urgently troubleshoot and fix a d"
chatbots,021996090756717874194,Integration Specialist for Teamwork and Chat GPT,https://www.upwork.com/jobs/Integration-Specialist-for-Teamwork-and-Chat-GPT_~021996090756717874194/?referrer_url_path=/nx/search/jobs/,$5,,,,,"Summary

We are seeking an experienced integration specialist to automate the generation of monthly task reports between Teamwork and Chat GPT. The ideal candidate will have a strong background in sof"
